{"cameraMode":{"drawMode":0,"name":"Shaded","section":"Shading Mode"},"sceneLighting":true,"audioPlay":false,"sceneViewState":{"showFog":true,"showMaterialUpdate":false,"showSkybox":true,"showFlares":true,"showImageEffects":true,"showParticleSystems":true},"in2DMode":false,"pivot":{"x":0.6042509078979492,"y":-4.137807846069336,"z":-6.768555164337158},"rotation":{"x":0.017225781455636026,"y":0.9331037998199463,"z":-0.35635608434677126,"w":0.04510498046875},"size":15.178299903869629,"orthographic":false}